{
  "micro_precision": 0.832823259372609,
  "micro_recall": 0.6199629787839954,
  "micro_f1": 0.7107991184393111,
  "macro_precision": 0.7299413662660347,
  "macro_recall": 0.4601077365468718,
  "macro_f1": 0.5531519715396884,
  "hamming_loss": 0.01850227165909447,
  "subset_accuracy": 0.9190036033213222
}