label,precision,recall,f1,support
obscene,0.8702742772424018,0.7072289156626506,0.7803256895978731,1660
toxic,0.8684977111943404,0.6795831976554868,0.762513701132627,3071
insult,0.7788296041308089,0.5816195372750642,0.6659308314937454,1556
threat,0.7045454545454546,0.30392156862745096,0.4246575342465753,102
severe_toxic,0.5914634146341463,0.27323943661971833,0.3737957610789981,355
identity_hate,0.5660377358490566,0.21505376344086022,0.3116883116883117,279
