label,precision,recall,f1,support
obscene,0.6749067164179104,0.8716867469879518,0.7607781282860148,1660
toxic,0.6417430056944788,0.8440247476392054,0.7291139240506329,3071
insult,0.5398193760262726,0.8451156812339332,0.658817635270541,1556
severe_toxic,0.31813246471226925,0.8253521126760563,0.4592476489028213,355
threat,0.2878228782287823,0.7647058823529411,0.41823056300268097,102
identity_hate,0.23039806996381182,0.6845878136200717,0.3447653429602888,279
