{
  "micro_precision": 0.5555868280326485,
  "micro_recall": 0.843229389149936,
  "micro_f1": 0.669833729216152,
  "macro_precision": 0.44876550326517844,
  "macro_recall": 0.8081418011777725,
  "macro_f1": 0.5622810008927174,
  "hamming_loss": 0.030487231709227635,
  "subset_accuracy": 0.8777690741030864
}