{
  "logistic": {
    "best_params": {
      "toxic": {
        "C": 10.0,
        "max_iter": 200
      },
      "severe_toxic": {
        "C": 10.0,
        "max_iter": 200
      },
      "obscene": {
        "C": 10.0,
        "max_iter": 200
      },
      "threat": {
        "C": 10.0,
        "max_iter": 200
      },
      "insult": {
        "C": 10.0,
        "max_iter": 200
      },
      "identity_hate": {
        "C": 10.0,
        "max_iter": 200
      }
    },
    "best_scores": {
      "toxic": 0.8812415686873497,
      "severe_toxic": 0.673909293188444,
      "obscene": 0.892977094646489,
      "threat": 0.6770189570214779,
      "insult": 0.8410597009290868,
      "identity_hate": 0.7081548390945644
    },
    "model_type": "logistic"
  },
  "svm": {
    "best_params": {
      "toxic": {
        "C": 1.0,
        "max_iter": 1000
      },
      "severe_toxic": {
        "C": 10.0,
        "max_iter": 1000
      },
      "obscene": {
        "C": 1.0,
        "max_iter": 1000
      },
      "threat": {
        "C": 10.0,
        "max_iter": 1000
      },
      "insult": {
        "C": 1.0,
        "max_iter": 1000
      },
      "identity_hate": {
        "C": 10.0,
        "max_iter": 1000
      }
    },
    "best_scores": {
      "toxic": 0.8814392435067759,
      "severe_toxic": 0.673615247478457,
      "obscene": 0.8916325247814063,
      "threat": 0.7028604791948769,
      "insult": 0.840231925929063,
      "identity_hate": 0.7123481597590047
    },
    "model_type": "svm"
  },
  "random_forest": {
    "best_params": {
      "toxic": {
        "max_depth": null,
        "n_estimators": 200
      },
      "severe_toxic": {
        "max_depth": null,
        "n_estimators": 100
      },
      "obscene": {
        "max_depth": null,
        "n_estimators": 200
      },
      "threat": {
        "max_depth": null,
        "n_estimators": 100
      },
      "insult": {
        "max_depth": null,
        "n_estimators": 200
      },
      "identity_hate": {
        "max_depth": null,
        "n_estimators": 100
      }
    },
    "best_scores": {
      "toxic": 0.8282319986978943,
      "severe_toxic": 0.5400161618935415,
      "obscene": 0.8802717623209017,
      "threat": 0.5225825321438279,
      "insult": 0.8017452084149141,
      "identity_hate": 0.583899888419992
    },
    "model_type": "random_forest"
  }
}