{
  "micro_precision": 0.863716814159292,
  "micro_recall": 0.06948597465470596,
  "micro_f1": 0.12862414338429098,
  "macro_precision": 0.5188913072054034,
  "macro_recall": 0.038192371778132325,
  "macro_f1": 0.07037254164911594,
  "hamming_loss": 0.03452921823593921,
  "subset_accuracy": 0.8990443365188783
}