label,precision,recall,f1,support
toxic,0.8456591639871383,0.08563985672419408,0.15552927261975164,3071
obscene,0.9375,0.08132530120481928,0.14966740576496673,1660
insult,0.8301886792452831,0.056555269922879174,0.10589651022864019,1556
severe_toxic,0.5,0.005633802816901409,0.011142061281337047,355
threat,0.0,0.0,0.0,102
identity_hate,0.0,0.0,0.0,279
