Metric,Mean,Std
PR-AUC (Macro),0.0,0.0
F1 Score (Micro),0.6932941031425738,0.012758550562051095
F1 Score (Macro),0.4238414593258206,0.0125920541309228
Hamming Loss,0.01851663272233537,0.0006575767352982213
