{
  "micro_precision": 0.8465227817745803,
  "micro_recall": 0.6031610422896199,
  "micro_f1": 0.7044150661012721,
  "macro_precision": 0.7321143671492784,
  "macro_recall": 0.442770425197015,
  "macro_f1": 0.5401781638009918,
  "hamming_loss": 0.018564938116872945,
  "subset_accuracy": 0.9189409368635438
}