label,precision,recall,f1,support
obscene,0.8845265588914549,0.6921686746987952,0.776613720851639,1660
toxic,0.8838318162115302,0.6639531097362422,0.7582744514689476,3071
insult,0.7895212285456188,0.5616966580976864,0.6564025535110777,1556
threat,0.6304347826086957,0.28431372549019607,0.3918918918918919,102
severe_toxic,0.5592105263157895,0.23943661971830985,0.33530571992110453,355
identity_hate,0.6451612903225806,0.21505376344086022,0.3225806451612903,279
