{
  "fold1": {
    "micro_precision": 0.87,
    "micro_recall": 0.47304032623470776,
    "micro_f1": 0.6128558849427649,
    "macro_precision": 0.6494343900830908,
    "macro_recall": 0.26218335242811897,
    "macro_f1": 0.33491184626487097,
    "hamming_loss": 0.02066296957734123,
    "subset_accuracy": 0.9134317135069085,
    "precision_at_1000": 0.891,
    "recall_at_1000": 0.40371545083824195,
    "hits_at_1000": 891,
    "thresh_toxic": 0.9813555506417577,
    "thresh_severe_toxic": 0.9999999999985079,
    "thresh_obscene": 0.9972142865414848,
    "thresh_threat": 0.9938503100197877,
    "thresh_insult": 0.999893423743416,
    "thresh_identity_hate": 0.9999998809736041,
    "macro_pr_auc": 0.5428823368668453
  },
  "fold1_seed42": {
    "micro_precision": 0.763262599469496,
    "micro_recall": 0.5215224286361577,
    "micro_f1": 0.619650067294751,
    "macro_precision": 0.6919642712406063,
    "macro_recall": 0.3552402584806816,
    "macro_f1": 0.42790023906975955,
    "hamming_loss": 0.022135539054422407,
    "subset_accuracy": 0.9100479368361688,
    "macro_pr_auc": 0.5428823368668453
  },
  "fold2": {
    "micro_precision": 0.7786032689450223,
    "micro_recall": 0.45784185233726515,
    "micro_f1": 0.5766162310866575,
    "macro_precision": 0.6110484952775256,
    "macro_recall": 0.35156207671742773,
    "macro_f1": 0.39795007318041514,
    "hamming_loss": 0.024111675126903553,
    "subset_accuracy": 0.9056213573980072,
    "precision_at_1000": 0.885,
    "recall_at_1000": 0.38663171690694625,
    "hits_at_1000": 885,
    "thresh_toxic": 0.9925166063348855,
    "thresh_severe_toxic": 0.9999999313377851,
    "thresh_obscene": 0.9990355864099982,
    "thresh_threat": 0.5,
    "thresh_insult": 0.9999942886735155,
    "thresh_identity_hate": 0.5,
    "macro_pr_auc": 0.5183542182948434
  },
  "fold2_seed42": {
    "micro_precision": 0.7590799031476998,
    "micro_recall": 0.5478374836173001,
    "micro_f1": 0.6363867038822634,
    "macro_precision": 0.640672106702125,
    "macro_recall": 0.37653409632956897,
    "macro_f1": 0.4417403054595502,
    "hamming_loss": 0.02245096196026822,
    "subset_accuracy": 0.9084414363602181,
    "macro_pr_auc": 0.5183542182948434
  },
  "fold3": {
    "micro_precision": 0.8960216998191681,
    "micro_recall": 0.4217021276595745,
    "micro_f1": 0.5734953703703703,
    "macro_precision": 0.7377070413434229,
    "macro_recall": 0.22680822537082848,
    "macro_f1": 0.3027600548557106,
    "hamming_loss": 0.02309331327943849,
    "subset_accuracy": 0.9078774205677759,
    "precision_at_1000": 0.87,
    "recall_at_1000": 0.3702127659574468,
    "hits_at_1000": 870,
    "thresh_toxic": 0.9877572735004058,
    "thresh_severe_toxic": 0.9999999999242561,
    "thresh_obscene": 0.9985465882742098,
    "thresh_threat": 0.9999294744227181,
    "thresh_insult": 0.9999810423269251,
    "thresh_identity_hate": 0.999999994201616,
    "macro_pr_auc": 0.519201548390707
  },
  "fold3_seed42": {
    "micro_precision": 0.7762284196547145,
    "micro_recall": 0.49744680851063827,
    "micro_f1": 0.6063278008298755,
    "macro_precision": 0.5136933453474527,
    "macro_recall": 0.3206553710131685,
    "macro_f1": 0.3883738280329791,
    "hamming_loss": 0.02378266591464561,
    "subset_accuracy": 0.9068433916149652,
    "macro_pr_auc": 0.519201548390707
  }
}