{
  "micro_precision": 0.08338101117167034,
  "micro_recall": 0.7885519008970525,
  "micro_f1": 0.1508149398837162,
  "macro_precision": 0.07760308125002127,
  "macro_recall": 0.7782183041400615,
  "macro_f1": 0.13343050874261717,
  "hamming_loss": 0.32568280327954463,
  "subset_accuracy": 0.520413598621338
}