label,precision,recall,f1,support
toxic,0.19047241597970832,0.78248127645718,0.306368330464716,3071
obscene,0.11206530056967945,0.7939759036144578,0.19640861336711124,1660
insult,0.10697115384615384,0.800771208226221,0.1887306876704029,1556
severe_toxic,0.02883460152182619,0.8112676056338028,0.05568983853814174,355
identity_hate,0.019628196659431916,0.7455197132616488,0.038249356381022434,279
threat,0.007646818923327896,0.7352941176470589,0.015136226034308779,102
