Metric,Mean,Std
PR-AUC (Macro),0.0,0.0
F1 Score (Micro),0.6902992380724977,0.009665067169777825
F1 Score (Macro),0.4187327227193886,0.023428718186571034
Hamming Loss,0.018638048984281164,0.0005543783030985413
