Metric,Mean,Std
PR-AUC (Macro),0.0,0.0
F1 Score (Micro),0.5929468743303157,0.0155487199147981
F1 Score (Macro),0.3341858838415871,0.024716290241751634
Hamming Loss,0.02243459188469372,0.000688440311537516
