label,precision,recall,f1,support
obscene,0.6737918215613383,0.8734939759036144,0.7607555089192025,1660
toxic,0.6395550061804697,0.8423966134809509,0.7270938729623384,3071
insult,0.5425400739827374,0.8483290488431876,0.6618200050137879,1556
severe_toxic,0.31852654387865653,0.828169014084507,0.460093896713615,355
threat,0.2867647058823529,0.7647058823529411,0.41711229946524064,102
identity_hate,0.2314148681055156,0.6917562724014337,0.3468104222821204,279
